initial_cash,final_value,profit,return_pct,total_closed_trades,wins,losses,win_rate_pct,ending_cash,ending_shares
100000000,105180318.88399996,5180318.883999959,5.180318883999958,9,3,6,33.33333333333333,459.8839999586344,4056300
