initial_cash,final_value,profit,return_pct,total_closed_trades,wins,losses,win_rate_pct,ending_cash,ending_shares
100000000,124738319.93500006,24738319.935000062,24.73831993500006,6,4,2,66.66666666666666,5919.935000047088,1411000
